tanggal,kabupaten,nama_puskesmas,triase_merah,triase_kuning,triase_hijau,triase_hitam,total,diagnosis_catatan
2026-08-22,Sikka,Puskesmas Watubaing,0,0,0,0,3,
2026-08-22,Sikka,Puskesmas Palue,0,0,0,0,2,
2026-08-22,Sikka,Puskesmas Nita,0,0,0,0,2,
2026-08-22,Sikka,Puskesmas Wolofeo,0,0,0,0,2,
2026-08-22,Sikka,Puskesmas Paga,0,0,0,0,1,
2026-08-22,Sikka,Puskesmas Mapitara,0,0,0,0,1,
2026-08-22,Sikka,Puskesmas Wualadu,0,0,0,0,1,
2026-08-22,Sikka,Puskesmas Waigate,0,0,0,0,1,
2026-08-22,Sikka,Puskesmas Boganatar,0,0,0,0,4,
2026-08-22,Sikka,Puskesmas Hewokloang,0,0,0,0,1,
2026-08-22,Sikka,Puskesmas Kopeta,0,0,0,0,0,
2026-08-22,Sikka,Puskesmas Lekebai,0,0,0,0,0,
2026-08-22,Sikka,Puskesmas Bola,0,0,0,0,1,
2026-08-22,Sikka,Puskesmas Nelle,0,0,0,0,0,
2026-08-22,Sikka,Puskesmas Nanga,0,0,0,0,0,
2026-08-22,Sikka,Puskesmas Beru,0,0,0,0,1,
2026-08-22,Sikka,Puskesmas Koting,0,0,0,0,3,
2026-08-22,Sikka,Puskesmas Magepanda,0,0,0,0,7,Kuning: anemia dan sesak napas.
2026-08-22,Manggarai Timur,Puskesmas Benteng Jawa,0,0,0,0,4,
2026-08-22,Manggarai Timur,Puskesmas Dampek,0,0,0,0,14,
2026-08-22,Manggarai Timur,Puskesmas Elar,0,0,0,0,30,
2026-08-22,Manggarai Timur,Puskesmas Lempang Paji,0,0,0,0,9,
2026-08-22,Manggarai Timur,Puskesmas Bea Muring,0,0,0,0,9,kuning: 1 orang diagnosa Hemiparise Sinestra susp...
2026-08-22,Manggarai Timur,Puskesmas Lawir,0,0,0,0,31,
2026-08-22,Manggarai Timur,Puskesmas Pota,0,0,0,0,5,
2026-08-22,Manggarai Timur,Puskesmas Weleng,0,0,0,0,0,Masih pelayanan
2026-08-22,Manggarai Timur,Puskesmas Kisol,0,0,0,0,34,
2026-08-22,Manggarai Timur,Puskesmas Lenang,0,0,0,0,12,
2026-08-22,Manggarai Timur,Puskesmas Mano,0,0,0,0,50,
2026-08-22,Manggarai Timur,Puskesmas Runus,0,0,0,0,5,
2026-08-22,Manggarai Timur,Puskesmas Wae Nenda,0,0,0,0,35,
2026-08-22,Manggarai Timur,Puskesmas Waelengga,0,0,0,0,4,
2026-08-22,Manggarai Timur,Puskesmas Watunggong,0,0,0,0,1,
2026-08-22,Manggarai Timur,Puskesmas Borong,0,0,0,0,4,
2026-08-22,Manggarai Timur,Puskesmas Lalang,0,0,0,0,12,
2026-08-22,Manggarai Timur,Puskesmas Mamba,0,0,0,0,2,
2026-08-22,Manggarai Timur,Puskesmas Mombok,0,0,0,0,22,
2026-08-22,Manggarai Timur,Puskesmas Sita,0,0,0,0,21,
2026-08-22,Manggarai Timur,Puskesmas Tilir,0,0,0,0,59,"kemarin , Nifas 3,bumil 1,Partus 1,gigitan anjing..."
2026-08-22,Manggarai,Puskesmas Timung,0,0,0,0,33,
2026-08-22,Manggarai,Puskesmas Nanu,0,0,0,0,77,
2026-08-22,Manggarai,Puskesmas Cancar,0,0,0,0,2,Hipertensi dengan trauma tumpul (observasi).
2026-08-22,Manggarai,Puskesmas Wangko,0,0,0,0,2,
2026-08-22,Manggarai,Puskesmas Iteng,0,0,0,0,1,
2026-08-22,Manggarai,Puskesmas Anam,0,0,0,0,11,
2026-08-22,Manggarai,Puskesmas Dintor,0,0,0,0,2,Kuning: postpartum.
2026-08-22,Ngada,Puskesmas Lengkosambi,0,0,0,0,7,
2026-08-22,Ngada,Puskesmas Maronggela,0,0,0,0,2,Kuning: GEA tanpa dehidrasi.
2026-08-22,Ngada,Puskesmas Riung,0,0,0,0,5,
2026-08-22,Ngada,Puskesmas Dona,0,0,0,0,5,
2026-08-22,Ngada,Puskesmas Natarandang,0,0,0,0,5,
2026-08-22,Ngada,Puskesmas Waepana,0,0,0,0,13,Kuning: dyspepsia.
2026-08-22,Ngada,Puskesmas Soa,0,0,0,0,2,
2026-08-22,Ngada,Puskesmas Kota&#039;,0,0,0,0,45,
2026-08-22,Ngada,Puskesmas Ngara,0,0,0,0,7,
2026-08-22,Ngada,Puskesmas Wolowiu,0,0,0,0,0,
2026-08-22,Ngada,Puskesmas Rawangkalo,0,0,0,0,30,
2026-08-22,Ngada,Lindi,0,0,0,0,8,
2026-08-22,Ngada,Puskesmas Watumanu,0,0,0,0,5,Merah: kejang demam. Kuning: diare akut; gastritis...
2026-08-22,Ngada,Puskesmas Surisina,0,0,0,0,120,Kuning: LBP; post trauma.
2026-08-22,Ngada,Puskesmas Boba,0,0,0,0,4,
2026-08-22,Ngada,Puskesmas Inerie,0,0,0,0,1,
2026-08-22,Ngada,Puskesmas Ladja,0,0,0,0,3,Kuning: HT; observasi febris; ekstraksi kuku.
2026-08-22,Nagekeo,Puskesmas Boawae,0,0,0,0,11,Merah: dyspneu ec asma eksaserbasi akut derajat be...
2026-08-22,Nagekeo,Puskesmas Jawakisa,0,0,0,0,1,"Kuning: gigitan anjing, belum vaksin."
2026-08-22,Nagekeo,Puskesmas Maukeli,0,0,0,0,2,
2026-08-22,Nagekeo,Puskesmas Nangaroro,0,0,0,0,3,Kuning: susp TB + DM tipe 2.
2026-08-22,Nagekeo,Puskesmas Mauponggo,0,0,0,0,0,
2026-08-22,Nagekeo,Puskesmas Maunori,0,0,0,0,3,"Kuning: gigitan anjing, belum vaksin."
2026-08-22,Nagekeo,Puskesmas Kota&#039;,0,0,0,0,3,
2026-08-22,Nagekeo,Puskesmas Kaburea,0,0,0,0,1,Kuning: dysphagia; malignant neoplasm of tongue.
2026-08-22,Ende,Puskesmas Mukusaki,0,0,0,0,57,
2026-08-22,Ende,Puskesmas Maurole,0,0,0,0,37,
2026-08-22,Ende,Puskesmas Maukaro,0,0,0,0,26,
2026-08-22,Ende,Puskesmas Detusoko,0,0,0,0,3,Merah: partus dengan PEB. Kuning: gastritis.
2026-08-22,Ende,Puskesmas Rewarangga,0,0,0,0,0,
2026-08-22,Ende,Puskesmas Wolowaru,0,0,0,0,34,
2026-08-22,Ende,Puskesmas Peibenga,0,0,0,0,5,
2026-08-22,Ende,Puskesmas Dona,0,0,0,0,46,
2026-08-22,Ende,Puskesmas Moni,0,0,0,0,10,
2026-08-22,Ende,Puskesmas Kota Ratu,0,0,0,0,1,
2026-08-22,Ende,Puskesmas Kota Ende,0,0,0,0,0,
2026-08-22,Ende,Puskesmas Nangapanda,0,0,0,0,1,
2026-08-22,Ende,Puskesmas Kotabaru,0,0,0,0,15,
2026-08-22,Ende,Puskesmas Loboniki,0,0,0,0,24,
2026-08-22,Ende,Puskesmas Maubasa,0,0,0,0,0,
2026-08-22,Ende,Puskesmas Wolojita,0,0,0,0,5,
2026-08-22,Ende,Puskesmas Onekore,0,0,0,0,45,
2026-08-22,Ende,Puskesmas Ngalupolo,0,0,0,0,3,Hijau: gastritis; G3P0A2; G3P2A0.
2026-08-22,Ende,Puskesmas Ahmad Yani,0,0,0,0,18,Kuning: GEA; hipertermi; gastritis akut.
2026-08-22,Manggarai Barat,Puskesmas Compang,0,0,0,0,0,
2026-08-22,Manggarai Barat,Puskesmas Golo Welu,0,0,0,0,7,
2026-08-22,Manggarai Barat,Puskesmas Nanga Terang,0,0,0,0,10,
2026-08-22,Manggarai Barat,Puskesmas Orong,0,0,0,0,502,Kuning: GEA
2026-08-22,Manggarai Barat,Puskesmas Ranggu,0,0,0,0,23,
2026-08-22,Manggarai Barat,Puskesmas Tentang,0,0,0,0,27,
2026-08-22,Manggarai Barat,Puskesmas Waning,0,0,0,0,16,
2026-08-22,Manggarai Barat,Puskesmas Bari,0,0,0,0,124,
2026-08-22,Manggarai Barat,Puskesmas Datak,0,0,0,0,21,
2026-08-22,Manggarai Barat,Puskesmas Golo Mori,0,0,0,0,7,
2026-08-22,Manggarai Barat,Puskesmas Kakor,0,0,0,0,10,
2026-08-22,Manggarai Barat,Puskesmas Nangalili,0,0,0,0,17,
2026-08-22,Manggarai Barat,Puskesmas Terang,0,0,0,0,68,
2026-08-22,Manggarai Barat,Puskesmas Wae Nakeng,0,0,0,0,596,
2026-08-22,Manggarai Barat,Puskesmas Benteng,0,0,0,0,24,
2026-08-22,Manggarai Barat,Puskesmas Labuan Bajo,0,0,0,0,0,
2026-08-22,Manggarai Barat,Puskesmas Pacar,0,0,0,0,58,
2026-08-22,Manggarai Barat,Puskesmas Rego,0,0,0,0,1,
2026-08-22,Manggarai Barat,Puskesmas Rekas,0,0,0,0,25,
2026-08-22,Manggarai Barat,Puskesmas Wae Kanta,0,0,0,0,120,
2026-08-22,Manggarai Barat,Puskesmas Wae Pitak,0,0,0,0,13,
2026-08-22,Manggarai Barat,Puskesmas Werang,0,0,0,0,21,
2026-08-22,Manggarai,Puskesmas Lemarang,0,0,0,0,11,"Merah: luka terbuka, menolak dirujuk, sudah ditang..."
2026-08-22,Manggarai,Puskesmas Pagal,0,0,0,0,14,"Kuning: observasi febris dan ISPA, dirawat di PKM."
2026-08-22,Manggarai,Puskesmas Reo,0,0,0,0,44,Merah: trauma tumpul lumbal; 2 fraktur femur; disl...
2026-08-22,Manggarai,Puskesmas Bangka Kenda,0,0,0,0,52,
2026-08-22,Manggarai,Puskesmas Ketang,0,0,0,0,9,Merah: postpartum dengan HPP; hamil 37 minggu deng...
2026-08-22,Manggarai,Puskesmas Kota&#039;,0,0,0,0,6,
2026-08-22,Manggarai,Puskesmas Langgo,0,0,0,0,1,Merah: fraktur tibia fibula sinistra; pulang paksa...
2026-08-22,Manggarai,Puskesmas Langke Majok,0,0,0,0,3,
2026-08-22,Manggarai,Puskesmas Wae Codi,0,0,0,0,0,
2026-08-22,Ngada,Puskesmas Inelika Raya,0,0,0,0,51,
2026-08-22,Ende,Puskesmas watunggere,0,0,0,0,4,Kuning: diare 1; ISPA 3.
2026-08-22,Manggarai Barat,Puskesmas Lengkong Cepang,0,0,0,0,10,
